{
  "providers": [
    {
      "type": "space",
      "advances": {
        "\ue0a0": -9,
        "\ue0b0": 4
      }
    },
    {
      "type": "bitmap",
      "file": "minecraft:gui/sprites/hud/heart/container.png",
      "chars": ["\ue0a1"],
      "ascent": 7,
      "height": 8
    },
    {
      "type": "bitmap",
      "file": "minecraft:gui/sprites/hud/heart/full.png",
      "chars": ["\ue0a2"],
      "ascent": 7,
      "height": 8
    },
    {
      "type": "bitmap",
      "file": "minecraft:gui/sprites/hud/heart/half.png",
      "chars": ["\ue0a3"],
      "ascent": 7,
      "height": 8
    },
    {
      "type": "bitmap",
      "file": "minecraft:gui/sprites/hud/heart/container_hardcore.png",
      "chars": ["\ue0b1"],
      "ascent": 7,
      "height": 8
    },
    {
      "type": "bitmap",
      "file": "minecraft:gui/sprites/hud/heart/hardcore_full.png",
      "chars": ["\ue0b2"],
      "ascent": 7,
      "height": 8
    },
    {
      "type": "bitmap",
      "file": "minecraft:gui/sprites/hud/heart/hardcore_half.png",
      "chars": ["\ue0b3"],
      "ascent": 7,
      "height": 8
    }
  ]
}
