{
  "providers": [
    {
      "type": "bitmap",
      "file": "pixelized:font/pixelized.png",
      "ascent": 8,
      "height": 8,
      "chars": [
        "\uE000\uE001\uE002\uE003\uE004\uE005\uE006\uE007",
        "\uE008\uE009\uE010\uE011\uE012\uE013\uE014\uE015",
        "\uE016\uE017\uE018\uE019\uE020\uE021\uE022\uE023",
        "\uE024\uE025\uE026\uE027\uE028\uE029\uE030\uE031",
        "\uE032\uE033\uE034\uE035\uE036\uE037\uE038\uE039",
        "\uE040\uE041\uE042\uE043\uE044\uE045\uE046\uE047",
        "\uE048\uE049\uE050\uE051\uE052\uE053\uE054\uE055",
        "\uE056\uE057\uE058\uE059\uE060\uE061\uE062\uE063",
        "\uE064\uE065\uE066\uE067\uE068\u0000\u0000\u0000"
      ]
    }
  ]
}