{
  "providers": [
    {
      "type": "space",
      "advances": { " ": -1 }
    },
    {
      "type": "bitmap",
      "file": "eventrox:font/emote/emotes.png",
      "ascent": 8,
      "height": 8,
      "chars": [
        "",
        "",
        "",
        "\u0000",
        "",
        "",
        "",
        ""
      ]
    },
    {
      "type": "bitmap",
      "file": "eventrox:font/emote/emotes2.png",
      "ascent": 8,
      "height": 8,
      "chars": [
        "",
        "",
        "",
        "",
        "",
        "",
        "",
        ""
      ]
    },
    {
      "type": "bitmap",
      "file": "eventrox:font/emote/emotes3.png",
      "ascent": 8,
      "height": 8,
      "chars": [
        "",
        "",
        "",
        "",
        "",
        "\u0000",
        "",
        ""
      ]
    },
    {
      "type": "bitmap",
      "file": "eventrox:font/emote/emotes4.png",
      "ascent": 8,
      "height": 8,
      "chars": [
        "",
        "",
        "",
        "",
        "",
        "",
        "\u0000",
        "\u0000"
      ]
    },
    {
      "type": "bitmap",
      "file": "eventrox:font/emote/emotes5.png",
      "ascent": 8,
      "height": 8,
      "chars": [
        "",
        "",
        "\u0000",
        "",
        "\u0000",
        "\u0000",
        "\u0000",
        "\u0000"
      ]
    },
    {
      "type": "bitmap",
      "file": "eventrox:font/emote/emotes6.png",
      "ascent": 8,
      "height": 8,
      "chars": [
        "",
        "",
        "",
        "\u0000\u0000\u0000",
        "",
        "\u0000",
        "",
        ""
      ]
    },
    {
      "type": "bitmap",
      "file": "eventrox:font/emote/emotes7.png",
      "ascent": 8,
      "height": 8,
      "chars": [
        "",
        "",
        "",
        "",
        "",
        "",
        "",
        "\u0000\u0000"
      ]
    },
    {
      "type": "bitmap",
      "file": "eventrox:font/emote/emotes8.png",
      "ascent": 8,
      "height": 8,
      "chars": [
        "",
        "",
        "",
        "",
        "",
        "",
        "",
        ""
      ]
    },
    {
      "type": "bitmap",
      "file": "eventrox:font/emote/emotes9.png",
      "ascent": 8,
      "height": 8,
      "chars": [
        "\u0000",
        "",
        "\u0000",
        "",
        "\u0000",
        "\u0000",
        "",
        ""
      ]
    },
    {
      "type": "bitmap",
      "file": "eventrox:font/emote/emotes10.png",
      "ascent": 8,
      "height": 8,
      "chars": [
        "",
        "",
        "\u0000",
        "",
        "\u0000\u0000",
        "",
        "\u0000",
        ""
      ]
    },
    {
      "type": "bitmap",
      "file": "eventrox:font/emote/emotes11.png",
      "ascent": 8,
      "height": 8,
      "chars": [
        "",
        "\u0000",
        "",
        "",
        "",
        "\u0000",
        "",
        ""
      ]
    },
    {
      "type": "bitmap",
      "file": "eventrox:font/emote/emotes12.png",
      "ascent": 8,
      "height": 8,
      "chars": [
        "",
        "\u0000",
        "",
        "",
        "",
        "",
        "",
        ""
      ]
    },
    {
      "type": "bitmap",
      "file": "eventrox:font/emote/emotes13.png",
      "ascent": 8,
      "height": 8,
      "chars": [
        "",
        "\u0000\u0000\u0000",
        "\u0000\u0000\u0000",
        "",
        "\u0000",
        "",
        "\u0000",
        ""
      ]
    },
    {
      "type": "bitmap",
      "file": "eventrox:font/emote/emotes14.png",
      "ascent": 8,
      "height": 8,
      "chars": [
        "",
        "",
        "",
        "\u0000",
        "",
        "",
        "",
        ""
      ]
    },
    {
      "type": "bitmap",
      "file": "eventrox:font/emote/emotes15.png",
      "ascent": 8,
      "height": 8,
      "chars": [
        "",
        "\u0000",
        "\u0000\u0000\u0000",
        "",
        "",
        "\u0000",
        "",
        "\u0000"
      ]
    },
    {
      "type": "bitmap",
      "file": "eventrox:font/emote/emotes16.png",
      "ascent": 8,
      "height": 8,
      "chars": [
        "",
        "\u0000",
        "",
        "",
        "",
        "\u0000",
        "\u0000\u0000\u0000\u0000",
        "\u0000\u0000\u0000\u0000\u0000\u0000\u0000\u0000"
      ]
    },
    {
      "type": "bitmap",
      "file": "eventrox:font/emote/emotes.png",
      "ascent": 32,
      "height": 32,
      "chars": [
        "",
        "",
        "",
        "\u0000",
        "",
        "",
        "",
        ""
      ]
    },
    {
      "type": "bitmap",
      "file": "eventrox:font/emote/emotes2.png",
      "ascent": 32,
      "height": 32,
      "chars": [
        "",
        "",
        "",
        "",
        "",
        "",
        "",
        ""
      ]
    },
    {
      "type": "bitmap",
      "file": "eventrox:font/emote/emotes3.png",
      "ascent": 32,
      "height": 32,
      "chars": [
        "",
        "",
        "",
        "",
        "",
        "\u0000",
        "",
        ""
      ]
    },
    {
      "type": "bitmap",
      "file": "eventrox:font/emote/emotes4.png",
      "ascent": 32,
      "height": 32,
      "chars": [
        "",
        "",
        "",
        "",
        "",
        "",
        "\u0000",
        "\u0000"
      ]
    },
    {
      "type": "bitmap",
      "file": "eventrox:font/emote/emotes5.png",
      "ascent": 32,
      "height": 32,
      "chars": [
        "",
        "",
        "\u0000",
        "",
        "\u0000",
        "\u0000",
        "\u0000",
        "\u0000"
      ]
    },
    {
      "type": "bitmap",
      "file": "eventrox:font/emote/emotes6.png",
      "ascent": 32,
      "height": 32,
      "chars": [
        "",
        "",
        "",
        "\u0000\u0000\u0000",
        "",
        "\u0000",
        "",
        ""
      ]
    },
    {
      "type": "bitmap",
      "file": "eventrox:font/emote/emotes7.png",
      "ascent": 32,
      "height": 32,
      "chars": [
        "",
        "",
        "",
        "",
        "",
        "",
        "",
        "\u0000\u0000"
      ]
    },
    {
      "type": "bitmap",
      "file": "eventrox:font/emote/emotes8.png",
      "ascent": 32,
      "height": 32,
      "chars": [
        "",
        "",
        "",
        "",
        "",
        "",
        "",
        ""
      ]
    },
    {
      "type": "bitmap",
      "file": "eventrox:font/emote/emotes9.png",
      "ascent": 32,
      "height": 32,
      "chars": [
        "\u0000",
        "",
        "\u0000",
        "",
        "\u0000",
        "\u0000",
        "",
        ""
      ]
    },
    {
      "type": "bitmap",
      "file": "eventrox:font/emote/emotes10.png",
      "ascent": 32,
      "height": 32,
      "chars": [
        "",
        "",
        "\u0000",
        "",
        "\u0000\u0000",
        "",
        "\u0000",
        ""
      ]
    },
    {
      "type": "bitmap",
      "file": "eventrox:font/emote/emotes11.png",
      "ascent": 32,
      "height": 32,
      "chars": [
        "",
        "\u0000",
        "",
        "",
        "",
        "\u0000",
        "",
        ""
      ]
    },
    {
      "type": "bitmap",
      "file": "eventrox:font/emote/emotes12.png",
      "ascent": 32,
      "height": 32,
      "chars": [
        "",
        "\u0000",
        "",
        "",
        "",
        "",
        "",
        ""
      ]
    },
    {
      "type": "bitmap",
      "file": "eventrox:font/emote/emotes13.png",
      "ascent": 32,
      "height": 32,
      "chars": [
        "",
        "\u0000\u0000\u0000",
        "\u0000\u0000\u0000",
        "",
        "\u0000",
        "",
        "\u0000",
        ""
      ]
    },
    {
      "type": "bitmap",
      "file": "eventrox:font/emote/emotes14.png",
      "ascent": 32,
      "height": 32,
      "chars": [
        "",
        "",
        "",
        "\u0000",
        "",
        "",
        "",
        ""
      ]
    },
    {
      "type": "bitmap",
      "file": "eventrox:font/emote/emotes15.png",
      "ascent": 32,
      "height": 32,
      "chars": [
        "",
        "\u0000",
        "\u0000\u0000\u0000",
        "",
        "",
        "\u0000",
        "",
        "\u0000"
      ]
    },
    {
      "type": "bitmap",
      "file": "eventrox:font/emote/emotes16.png",
      "ascent": 32,
      "height": 32,
      "chars": [
        "",
        "\u0000",
        "",
        "",
        "",
        "\u0000",
        "\u0000\u0000\u0000\u0000",
        "\u0000\u0000\u0000\u0000\u0000\u0000\u0000\u0000"
      ]
    }
  ]
}
