{
  "providers": [
    {
      "type": "bitmap",
      "file": "eventrox:font/item/item0.png",
      "ascent": 8,
      "height": 8,
      "chars": [
        "\ue000\ue001\ue002\ue003\ue004\ue005\ue006\ue007",
        "\ue008\ue009\ue00a\ue00b\ue00c\ue00d\ue00e\ue00f",
        "\ue010\ue011\ue012\ue013\ue014\ue015\ue016\ue017",
        "\ue018\ue019\ue01a\ue01b\ue01c\ue01d\ue01e\ue01f",
        "\ue020\ue021\ue022\ue023\ue024\ue025\ue026\ue027",
        "\ue028\ue029\ue02a\ue02b\ue02c\ue02d\ue02e\ue02f",
        "\ue030\ue031\ue032\ue033\ue034\ue035\ue036\ue037",
        "\ue038\ue039\ue03a\ue03b\ue03c\ue03d\ue03e\ue03f"
      ]
    },
    {
      "type": "bitmap",
      "file": "eventrox:font/item/item1.png",
      "ascent": 8,
      "height": 8,
      "chars": [
        "\ue040\ue041\ue042\ue043\ue044\ue045\ue046\ue047",
        "\ue048\ue049\ue04a\ue04b\ue04c\ue04d\ue04e\ue04f",
        "\ue050\ue051\ue052\ue053\ue054\ue055\ue056\ue057",
        "\ue058\ue059\ue05a\ue05b\ue05c\ue05d\ue05e\ue05f",
        "\ue060\ue061\ue062\ue063\ue064\ue065\ue066\ue067",
        "\ue068\ue069\ue06a\ue06b\ue06c\ue06d\ue06e\ue06f",
        "\ue070\ue071\ue072\ue073\ue074\ue075\ue076\ue077",
        "\ue078\ue079\ue07a\ue07b\ue07c\ue07d\ue07e\ue07f"
      ]
    },
    {
      "type": "bitmap",
      "file": "eventrox:font/item/item2.png",
      "ascent": 8,
      "height": 8,
      "chars": [
        "\ue080\ue081\ue082\ue083\ue084\ue085\ue086\ue087",
        "\ue088\ue089\ue08a\ue08b\ue08c\ue08d\ue08e\ue08f",
        "\ue090\ue091\ue092\ue093\ue094\ue095\ue096\ue097",
        "\ue098\ue099\ue09a\ue09b\ue09c\ue09d\ue09e\ue09f",
        "\ue0a0\ue0a1\ue0a2\ue0a3\ue0a4\ue0a5\ue0a6\ue0a7",
        "\ue0a8\ue0a9\ue0aa\ue0ab\ue0ac\ue0ad\ue0ae\ue0af",
        "\ue0b0\ue0b1\ue0b2\ue0b3\ue0b4\ue0b5\ue0b6\ue0b7",
        "\ue0b8\ue0b9\ue0ba\ue0bb\ue0bc\ue0bd\ue0be\ue0bf"
      ]
    },
    {
      "type": "bitmap",
      "file": "eventrox:font/item/item3.png",
      "ascent": 8,
      "height": 8,
      "chars": [
        "\ue0c0\ue0c1\ue0c2\ue0c3\ue0c4\ue0c5\ue0c6\ue0c7",
        "\ue0c8\ue0c9\ue0ca\ue0cb\ue0cc\ue0cd\ue0ce\ue0cf",
        "\ue0d0\ue0d1\ue0d2\ue0d3\ue0d4\ue0d5\ue0d6\ue0d7",
        "\ue0d8\ue0d9\ue0da\ue0db\ue0dc\ue0dd\ue0de\ue0df",
        "\ue0e0\ue0e1\ue0e2\ue0e3\ue0e4\ue0e5\ue0e6\ue0e7",
        "\ue0e8\ue0e9\ue0ea\ue0eb\ue0ec\ue0ed\ue0ee\ue0ef",
        "\ue0f0\ue0f1\ue0f2\ue0f3\ue0f4\ue0f5\ue0f6\ue0f7",
        "\ue0f8\ue0f9\ue0fa\ue0fb\ue0fc\ue0fd\ue0fe\ue0ff"
      ]
    },
    {
      "type": "bitmap",
      "file": "eventrox:font/item/item4.png",
      "ascent": 8,
      "height": 8,
      "chars": [
        "\ue100\ue101\ue102\ue103\ue104\ue105\ue106\ue107",
        "\ue108\ue109\ue10a\ue10b\ue10c\ue10d\ue10e\ue10f",
        "\ue110\ue111\ue112\ue113\ue114\ue115\ue116\ue117",
        "\ue118\ue119\ue11a\ue11b\ue11c\ue11d\ue11e\ue11f",
        "\ue120\ue121\ue122\ue123\ue124\ue125\ue126\ue127",
        "\ue128\ue129\ue12a\ue12b\ue12c\ue12d\ue12e\ue12f",
        "\ue130\ue131\ue132\ue133\ue134\ue135\ue136\ue137",
        "\ue138\ue139\ue13a\ue13b\ue13c\ue13d\ue13e\ue13f"
      ]
    },
    {
      "type": "bitmap",
      "file": "eventrox:font/item/item5.png",
      "ascent": 8,
      "height": 8,
      "chars": [
        "\ue140\ue141\ue142\ue143\ue144\ue145\ue146\ue147",
        "\ue148\ue149\ue14a\ue14b\ue14c\ue14d\ue14e\ue14f",
        "\ue150\ue151\ue152\ue153\ue154\ue155\ue156\ue157",
        "\ue158\ue159\ue15a\ue15b\ue15c\ue15d\ue15e\ue15f",
        "\ue160\ue161\ue162\ue163\ue164\ue165\ue166\ue167",
        "\ue168\ue169\ue16a\ue16b\ue16c\ue16d\ue16e\ue16f",
        "\ue170\ue171\ue172\ue173\ue174\ue175\ue176\ue177",
        "\ue178\ue179\ue17a\ue17b\ue17c\ue17d\ue17e\ue17f"
      ]
    },
    {
      "type": "bitmap",
      "file": "eventrox:font/item/item6.png",
      "ascent": 8,
      "height": 8,
      "chars": [
        "\ue180\ue181\ue182\ue183\ue184\ue185\ue186\ue187",
        "\ue188\ue189\ue18a\ue18b\ue18c\ue18d\ue18e\ue18f",
        "\ue190\ue191\ue192\ue193\ue194\ue195\ue196\ue197",
        "\ue198\ue199\ue19a\ue19b\ue19c\ue19d\ue19e\ue19f",
        "\ue1a0\ue1a1\ue1a2\ue1a3\ue1a4\ue1a5\ue1a6\ue1a7",
        "\ue1a8\ue1a9\ue1aa\ue1ab\ue1ac\ue1ad\ue1ae\ue1af",
        "\ue1b0\ue1b1\ue1b2\ue1b3\ue1b4\ue1b5\ue1b6\ue1b7",
        "\ue1b8\ue1b9\ue1ba\ue1bb\ue1bc\ue1bd\ue1be\ue1bf"
      ]
    },
    {
      "type": "bitmap",
      "file": "eventrox:font/item/item7.png",
      "ascent": 8,
      "height": 8,
      "chars": [
        "\ue1c0\ue1c1\ue1c2\ue1c3\ue1c4\ue1c5\ue1c6\ue1c7",
        "\ue1c8\ue1c9\ue1ca\ue1cb\ue1cc\ue1cd\ue1ce\ue1cf",
        "\ue1d0\ue1d1\ue1d2\ue1d3\ue1d4\ue1d5\ue1d6\ue1d7",
        "\ue1d8\ue1d9\ue1da\ue1db\ue1dc\ue1dd\ue1de\ue1df",
        "\ue1e0\ue1e1\ue1e2\ue1e3\ue1e4\ue1e5\ue1e6\ue1e7",
        "\ue1e8\ue1e9\ue1ea\ue1eb\ue1ec\ue1ed\ue1ee\ue1ef",
        "\ue1f0\ue1f1\ue1f2\ue1f3\ue1f4\ue1f5\ue1f6\ue1f7",
        "\ue1f8\ue1f9\ue1fa\ue1fb\ue1fc\ue1fd\ue1fe\ue1ff"
      ]
    },
    {
      "type": "bitmap",
      "file": "eventrox:font/item/item8.png",
      "ascent": 8,
      "height": 8,
      "chars": [
        "\ue200\ue201\ue202\ue203\ue204\ue205\ue206\ue207",
        "\ue208\ue209\ue20a\ue20b\ue20c\ue20d\ue20e\ue20f",
        "\ue210\ue211\ue212\ue213\ue214\ue215\ue216\ue217",
        "\ue218\ue219\ue21a\ue21b\ue21c\ue21d\ue21e\ue21f",
        "\ue220\ue221\ue222\ue223\ue224\ue225\ue226\ue227",
        "\ue228\ue229\ue22a\ue22b\ue22c\ue22d\ue22e\ue22f",
        "\ue230\ue231\ue232\ue233\ue234\ue235\ue236\ue237",
        "\ue238\ue239\ue23a\ue23b\ue23c\ue23d\ue23e\ue23f"
      ]
    },
    {
      "type": "bitmap",
      "file": "eventrox:font/item/item9.png",
      "ascent": 8,
      "height": 8,
      "chars": [
        "\ue240\ue241\ue242\ue243\ue244\ue245\ue246\ue247",
        "\ue248\ue249\ue24a\ue24b\ue24c\ue24d\ue24e\ue24f",
        "\ue250\ue251\ue252\ue253\ue254\ue255\ue256\ue257",
        "\ue258\ue259\ue25a\ue25b\ue25c\ue25d\ue25e\ue25f",
        "\ue260\ue261\ue262\ue263\ue264\ue265\ue266\ue267",
        "\ue268\ue269\ue26a\ue26b\ue26c\ue26d\ue26e\ue26f",
        "\ue270\ue271\ue272\ue273\ue274\ue275\ue276\ue277",
        "\ue278\ue279\ue27a\ue27b\ue27c\ue27d\ue27e\ue27f"
      ]
    },
    {
      "type": "bitmap",
      "file": "eventrox:font/item/item10.png",
      "ascent": 8,
      "height": 8,
      "chars": [
        "\ue280\ue281\ue282\ue283\ue284\ue285\ue286\ue287",
        "\ue288\ue289\ue28a\ue28b\ue28c\ue28d\ue28e\ue28f",
        "\ue290\ue291\ue292\ue293\ue294\ue295\ue296\ue297",
        "\ue298\ue299\ue29a\ue29b\ue29c\ue29d\ue29e\ue29f",
        "\ue2a0\ue2a1\ue2a2\ue2a3\ue2a4\ue2a5\ue2a6\ue2a7",
        "\ue2a8\ue2a9\ue2aa\ue2ab\ue2ac\ue2ad\ue2ae\ue2af",
        "\ue2b0\ue2b1\ue2b2\ue2b3\ue2b4\ue2b5\ue2b6\ue2b7",
        "\ue2b8\ue2b9\ue2ba\ue2bb\ue2bc\ue2bd\ue2be\ue2bf"
      ]
    },
    {
      "type": "bitmap",
      "file": "eventrox:font/item/item11.png",
      "ascent": 8,
      "height": 8,
      "chars": [
        "\ue2c0\ue2c1\ue2c2\ue2c3\ue2c4\ue2c5\ue2c6\ue2c7",
        "\ue2c8\ue2c9\ue2ca\ue2cb\ue2cc\ue2cd\ue2ce\ue2cf",
        "\ue2d0\ue2d1\ue2d2\ue2d3\ue2d4\ue2d5\ue2d6\ue2d7",
        "\ue2d8\ue2d9\ue2da\ue2db\ue2dc\ue2dd\ue2de\ue2df",
        "\ue2e0\ue2e1\ue2e2\ue2e3\ue2e4\ue2e5\ue2e6\ue2e7",
        "\ue2e8\ue2e9\ue2ea\ue2eb\ue2ec\ue2ed\ue2ee\ue2ef",
        "\ue2f0\ue2f1\ue2f2\ue2f3\ue2f4\ue2f5\ue2f6\ue2f7",
        "\ue2f8\ue2f9\ue2fa\ue2fb\ue2fc\ue2fd\ue2fe\ue2ff"
      ]
    },
    {
      "type": "bitmap",
      "file": "eventrox:font/item/item12.png",
      "ascent": 8,
      "height": 8,
      "chars": [
        "\ue300\ue301\ue302\ue303\ue304\ue305\ue306\ue307",
        "\ue308\ue309\ue30a\ue30b\ue30c\ue30d\ue30e\ue30f",
        "\ue310\ue311\ue312\ue313\ue314\ue315\ue316\ue317",
        "\ue318\ue319\ue31a\ue31b\ue31c\ue31d\ue31e\ue31f",
        "\ue320\ue321\ue322\ue323\ue324\ue325\ue326\ue327",
        "\ue328\ue329\ue32a\ue32b\ue32c\ue32d\ue32e\ue32f",
        "\ue330\ue331\ue332\ue333\ue334\ue335\ue336\ue337",
        "\ue338\ue339\ue33a\ue33b\ue33c\ue33d\ue33e\ue33f"
      ]
    },
    {
      "type": "bitmap",
      "file": "eventrox:font/item/item13.png",
      "ascent": 8,
      "height": 8,
      "chars": [
        "\ue340\ue341\ue342\ue343\ue344\ue345\ue346\ue347",
        "\ue348\ue349\ue34a\ue34b\ue34c\ue34d\ue34e\ue34f",
        "\ue350\ue351\ue352\ue353\ue354\ue355\ue356\ue357",
        "\ue358\ue359\ue35a\ue35b\ue35c\ue35d\ue35e\ue35f",
        "\ue360\ue361\ue362\ue363\ue364\ue365\ue366\ue367",
        "\ue368\ue369\ue36a\ue36b\ue36c\ue36d\ue36e\ue36f",
        "\ue370\ue371\ue372\ue373\ue374\ue375\ue376\ue377",
        "\ue378\ue379\ue37a\ue37b\ue37c\ue37d\ue37e\ue37f"
      ]
    },
    {
      "type": "bitmap",
      "file": "eventrox:font/item/item14.png",
      "ascent": 8,
      "height": 8,
      "chars": [
        "\ue380\ue381\ue382\ue383\ue384\ue385\ue386\ue387",
        "\ue388\ue389\ue38a\ue38b\ue38c\ue38d\ue38e\ue38f",
        "\ue390\ue391\ue392\ue393\ue394\ue395\ue396\ue397",
        "\ue398\ue399\ue39a\ue39b\ue39c\ue39d\ue39e\ue39f",
        "\ue3a0\ue3a1\ue3a2\ue3a3\ue3a4\ue3a5\ue3a6\ue3a7",
        "\ue3a8\ue3a9\ue3aa\ue3ab\ue3ac\ue3ad\ue3ae\ue3af",
        "\ue3b0\ue3b1\ue3b2\ue3b3\ue3b4\ue3b5\ue3b6\ue3b7",
        "\ue3b8\ue3b9\ue3ba\ue3bb\ue3bc\ue3bd\ue3be\ue3bf"
      ]
    },
    {
      "type": "bitmap",
      "file": "eventrox:font/item/item15.png",
      "ascent": 8,
      "height": 8,
      "chars": [
        "\ue3c0\ue3c1\ue3c2\ue3c3\ue3c4\ue3c5\ue3c6\ue3c7",
        "\ue3c8\ue3c9\ue3ca\ue3cb\ue3cc\ue3cd\ue3ce\ue3cf",
        "\ue3d0\ue3d1\ue3d2\ue3d3\ue3d4\ue3d5\ue3d6\ue3d7",
        "\ue3d8\ue3d9\ue3da\ue3db\ue3dc\ue3dd\ue3de\ue3df",
        "\ue3e0\ue3e1\ue3e2\ue3e3\ue3e4\ue3e5\ue3e6\ue3e7",
        "\ue3e8\ue3e9\ue3ea\ue3eb\ue3ec\ue3ed\ue3ee\ue3ef",
        "\ue3f0\ue3f1\ue3f2\ue3f3\ue3f4\ue3f5\ue3f6\ue3f7",
        "\ue3f8\ue3f9\ue3fa\ue3fb\ue3fc\ue3fd\ue3fe\ue3ff"
      ]
    },
    {
      "type": "bitmap",
      "file": "eventrox:font/item/item16.png",
      "ascent": 8,
      "height": 8,
      "chars": [
        "\ue400\ue401\ue402\ue403\ue404\ue405\ue406\ue407",
        "\ue408\ue409\ue40a\ue40b\ue40c\ue40d\ue40e\ue40f",
        "\ue410\ue411\ue412\ue413\ue414\ue415\ue416\ue417",
        "\ue418\ue419\ue41a\ue41b\ue41c\ue41d\ue41e\ue41f",
        "\ue420\ue421\ue422\ue423\ue424\ue425\ue426\ue427",
        "\ue428\ue429\ue42a\ue42b\ue42c\ue42d\ue42e\ue42f",
        "\ue430\ue431\ue432\ue433\ue434\ue435\ue436\ue437",
        "\ue438\ue439\ue43a\ue43b\ue43c\ue43d\ue43e\ue43f"
      ]
    },
    {
      "type": "bitmap",
      "file": "eventrox:font/item/item17.png",
      "ascent": 8,
      "height": 8,
      "chars": [
        "\ue440\ue441\ue442\ue443\ue444\ue445\ue446\ue447",
        "\ue448\ue449\ue44a\ue44b\ue44c\ue44d\ue44e\ue44f",
        "\ue450\ue451\ue452\ue453\ue454\ue455\ue456\ue457",
        "\ue458\ue459\ue45a\ue45b\ue45c\ue45d\ue45e\ue45f",
        "\ue460\ue461\ue462\ue463\ue464\ue465\ue466\ue467",
        "\ue468\ue469\ue46a\ue46b\ue46c\ue46d\ue46e\ue46f",
        "\ue470\ue471\ue472\ue473\ue474\ue475\ue476\ue477",
        "\ue478\ue479\ue47a\ue47b\ue47c\ue47d\ue47e\ue47f"
      ]
    },
    {
      "type": "bitmap",
      "file": "eventrox:font/item/item18.png",
      "ascent": 8,
      "height": 8,
      "chars": [
        "\ue480\ue481\ue482\ue483\ue484\ue485\ue486\ue487",
        "\ue488\ue489\ue48a\ue48b\ue48c\ue48d\ue48e\ue48f",
        "\ue490\ue491\ue492\ue493\ue494\ue495\ue496\ue497",
        "\ue498\ue499\ue49a\ue49b\ue49c\ue49d\ue49e\ue49f",
        "\ue4a0\ue4a1\ue4a2\ue4a3\ue4a4\ue4a5\ue4a6\ue4a7",
        "\ue4a8\ue4a9\ue4aa\ue4ab\ue4ac\ue4ad\ue4ae\ue4af",
        "\ue4b0\ue4b1\ue4b2\ue4b3\ue4b4\ue4b5\ue4b6\ue4b7",
        "\ue4b8\ue4b9\ue4ba\ue4bb\ue4bc\ue4bd\ue4be\ue4bf"
      ]
    },
    {
      "type": "bitmap",
      "file": "eventrox:font/item/item19.png",
      "ascent": 8,
      "height": 8,
      "chars": [
        "\ue4c0\ue4c1\ue4c2\ue4c3\ue4c4\ue4c5\ue4c6\ue4c7",
        "\ue4c8\ue4c9\ue4ca\ue4cb\ue4cc\ue4cd\ue4ce\ue4cf",
        "\ue4d0\ue4d1\ue4d2\ue4d3\ue4d4\ue4d5\ue4d6\ue4d7",
        "\ue4d8\ue4d9\ue4da\ue4db\ue4dc\ue4dd\ue4de\ue4df",
        "\ue4e0\ue4e1\ue4e2\ue4e3\ue4e4\ue4e5\ue4e6\ue4e7",
        "\ue4e8\ue4e9\ue4ea\ue4eb\ue4ec\ue4ed\ue4ee\ue4ef",
        "\ue4f0\ue4f1\ue4f2\ue4f3\ue4f4\ue4f5\ue4f6\ue4f7",
        "\ue4f8\ue4f9\ue4fa\ue4fb\ue4fc\ue4fd\ue4fe\ue4ff"
      ]
    },
    {
      "type": "bitmap",
      "file": "eventrox:font/item/item20.png",
      "ascent": 8,
      "height": 8,
      "chars": [
        "\ue500\ue501\ue502\ue503\ue504\ue505\ue506\ue507",
        "\ue508\ue509\ue50a\ue50b\ue50c\ue50d\ue50e\ue50f",
        "\ue510\ue511\ue512\ue513\ue514\ue515\ue516\ue517",
        "\ue518\ue519\ue51a\ue51b\ue51c\ue51d\ue51e\ue51f",
        "\ue520\ue521\ue522\ue523\ue524\ue525\ue526\ue527",
        "\ue528\ue529\ue52a\ue52b\ue52c\ue52d\ue52e\ue52f",
        "\ue530\ue531\ue532\ue533\ue534\ue535\ue536\ue537",
        "\ue538\ue539\ue53a\ue53b\ue53c\ue53d\ue53e\ue53f"
      ]
    },
    {
      "type": "bitmap",
      "file": "eventrox:font/item/item21.png",
      "ascent": 8,
      "height": 8,
      "chars": [
        "\ue540\ue541\ue542\ue543\ue544\ue545\ue546\ue547",
        "\ue548\ue549\ue54a\ue54b\ue54c\ue54d\ue54e\ue54f",
        "\ue550\ue551\ue552\ue553\ue554\ue555\ue556\ue557",
        "\ue558\ue559\ue55a\ue55b\ue55c\ue55d\ue55e\ue55f",
        "\ue560\ue561\ue562\ue563\ue564\ue565\ue566\ue567",
        "\ue568\ue569\ue56a\ue56b\ue56c\ue56d\ue56e\ue56f",
        "\ue570\ue571\ue572\ue573\ue574\ue575\ue576\ue577",
        "\ue578\ue579\ue57a\ue57b\ue57c\ue57d\ue57e\ue57f"
      ]
    },
    {
      "type": "bitmap",
      "file": "eventrox:font/item/item22.png",
      "ascent": 8,
      "height": 8,
      "chars": [
        "\ue580\ue581\ue582\ue583\ue584\ue585\ue586\u0000",
        "\u0000\u0000\u0000\u0000\u0000\u0000\u0000\u0000",
        "\u0000\u0000\u0000\u0000\u0000\u0000\u0000\u0000",
        "\u0000\u0000\u0000\u0000\u0000\u0000\u0000\u0000",
        "\u0000\u0000\u0000\u0000\u0000\u0000\u0000\u0000",
        "\u0000\u0000\u0000\u0000\u0000\u0000\u0000\u0000",
        "\u0000\u0000\u0000\u0000\u0000\u0000\u0000\u0000",
        "\u0000\u0000\u0000\u0000\u0000\u0000\u0000\u0000"
      ]
    }
  ]
}
